{
  "steps": [
    1,
    2,
    3,
    4,
    5,
    6
  ],
  "rewards": [
    9.84361743927002,
    3.365959405899048,
    7.8594465255737305,
    5.970139503479004,
    7.284899711608887,
    10.468914985656738
  ],
  "kl_divergence": [
    0.0,
    -1.553576111793518,
    -2.061293601989746,
    -2.8432090282440186,
    -4.740090847015381,
    -4.74610710144043
  ]
}