{
  "steps": [
    1,
    2,
    3,
    4,
    5,
    6
  ],
  "rewards": [
    2.7383182048797607,
    4.9234185218811035,
    4.464975357055664,
    3.1663239002227783,
    0.2695390284061432,
    2.665696620941162
  ],
  "kl_divergence": [
    0.0,
    2.9752445220947266,
    3.33396577835083,
    3.485691785812378,
    2.8179330825805664,
    2.6141793727874756
  ]
}