{
  "steps": [
    1,
    2,
    3,
    4,
    5,
    6
  ],
  "rewards": [
    -0.9609695076942444,
    -0.11671371757984161,
    -1.384832739830017,
    -0.11266070604324341,
    -1.5691636800765991,
    -1.5987497568130493
  ],
  "kl_divergence": [
    0.0,
    0.7449021935462952,
    -0.5699184536933899,
    -2.7612550258636475,
    -6.786209583282471,
    -5.284039497375488
  ]
}