{
  "steps": [
    1,
    2,
    3,
    4,
    5,
    6
  ],
  "rewards": [
    6.624866962432861,
    5.488602638244629,
    4.920090675354004,
    1.9297444820404053,
    4.938279628753662,
    4.61579704284668
  ],
  "kl_divergence": [
    0.0,
    0.8183583617210388,
    -1.2265548706054688,
    -4.352842807769775,
    -6.501946449279785,
    -7.7220587730407715
  ]
}