{
  "steps": [
    1,
    2,
    3,
    4,
    5,
    6
  ],
  "rewards": [
    -2.8518295288085938,
    -3.5031135082244873,
    -1.582539439201355,
    -2.05021595954895,
    -1.0229600667953491,
    -2.350706100463867
  ],
  "kl_divergence": [
    0.0,
    2.2386326789855957,
    4.899956703186035,
    5.208497524261475,
    4.1037797927856445,
    1.305510401725769
  ]
}