{
  "steps": [
    1,
    2,
    3,
    4,
    5,
    6
  ],
  "rewards": [
    -4.480036735534668,
    -4.31744384765625,
    -1.9846880435943604,
    -3.034853458404541,
    -3.730509042739868,
    -2.078106641769409
  ],
  "kl_divergence": [
    0.0,
    3.892146587371826,
    4.777100086212158,
    3.3089306354522705,
    2.4506287574768066,
    1.7803033590316772
  ]
}