{
  "steps": [
    1,
    2,
    3,
    4,
    5,
    6
  ],
  "rewards": [
    2.498296022415161,
    5.082834720611572,
    4.587063789367676,
    1.6642853021621704,
    3.291088819503784,
    7.679840087890625
  ],
  "kl_divergence": [
    0.0,
    4.2590203285217285,
    6.458513259887695,
    6.4920148849487305,
    7.068681240081787,
    8.248723030090332
  ]
}