{
  "steps": [
    1,
    2,
    3,
    4,
    5,
    6
  ],
  "rewards": [
    0.1800704002380371,
    1.3432859182357788,
    0.8894346952438354,
    2.1060054302215576,
    0.06330695748329163,
    -0.8374494314193726
  ],
  "kl_divergence": [
    0.0,
    -5.768118858337402,
    -11.333999633789062,
    -16.853267669677734,
    -17.811283111572266,
    -17.113494873046875
  ]
}