{
  "steps": [
    1,
    2,
    3,
    4,
    5,
    6
  ],
  "rewards": [
    2.6880369186401367,
    -0.4543083608150482,
    -2.743579626083374,
    0.056453511118888855,
    0.8797264695167542,
    0.1572113037109375
  ],
  "kl_divergence": [
    0.0,
    -4.749384880065918,
    -9.947958946228027,
    -13.637731552124023,
    -12.732028007507324,
    -12.637084007263184
  ]
}